<?xml version="1.0" ?>
<routes xmlns:xsi="http://www.w3.org/2001/XMLSchema-instance" xsi:noNamespaceSchemaLocation="urn:magento:module:Magento_Webapi:etc/webapi.xsd">
	<route method="POST" url="/V1/magetwo-giftcard/giftcode">
		<service class="Magetwo\Giftcard\Api\GiftcodeRepositoryInterface" method="save"/>
		<resources>
			<resource ref="Magetwo_Giftcard::Giftcode_save"/>
		</resources>
	</route>
	<route method="GET" url="/V1/magetwo-giftcard/search">
		<service class="Magetwo\Giftcard\Api\GiftcodeRepositoryInterface" method="getList"/>
		<resources>
			<resource ref="Magetwo_Giftcard::Giftcode_view"/>
		</resources>
	</route>
	<route method="GET" url="/V1/magetwo-giftcard/:giftcodeId">
		<service class="Magetwo\Giftcard\Api\GiftcodeRepositoryInterface" method="getById"/>
		<resources>
			<resource ref="Magetwo_Giftcard::Giftcode_view"/>
		</resources>
	</route>
	<route method="PUT" url="/V1/magetwo-giftcard/:giftcodeId">
		<service class="Magetwo\Giftcard\Api\GiftcodeRepositoryInterface" method="save"/>
		<resources>
			<resource ref="Magetwo_Giftcard::Giftcode_update"/>
		</resources>
	</route>
	<route method="DELETE" url="/V1/magetwo-giftcard/:giftcodeId">
		<service class="Magetwo\Giftcard\Api\GiftcodeRepositoryInterface" method="deleteById"/>
		<resources>
			<resource ref="Magetwo_Giftcard::Giftcode_delete"/>
		</resources>
	</route>
</routes>
