<?xml version="1.0" encoding="utf-8"?>
<config xmlns:xsi="http://www.w3.org/2001/XMLSchema-instance" xsi:noNamespaceSchemaLocation="urn:magento:module:Magento_Config:etc/system_file.xsd">
    <system>
        <tab id="cadence" translate="label" sortOrder="3000">
            <label>Cadence Labs</label>
        </tab>
        <section id="criteo" translate="label" sortOrder="320" showInDefault="1" showInWebsite="1" showInStore="1">
            <label>Criteo Tags</label>
            <tab>cadence</tab>
            <resource>Cadence_Criteo::config</resource>
            <group id="tags" sortOrder="10" showInDefault="1" showInWebsite="1" showInStore="1">
                <label>Criteo Tag Config</label>
                <field id="enabled" translate="label" type="select" showInDefault="1" showInWebsite="1" showInStore="1">
                    <label>Enable</label>
                    <source_model>Magento\Config\Model\Config\Source\Yesno</source_model>
                </field>
                <field id="account_id" translate="label" type="text" showInDefault="1" showInWebsite="1" showInStore="1">
                    <label>Account ID</label>
                </field>
            </group>
        </section>
    </system>
</config>
