<?xml version="1.0"?>
<config xmlns:xsi="http://www.w3.org/2001/XMLSchema-instance" xsi:noNamespaceSchemaLocation="urn:magento:module:Magento_Config:etc/system_file.xsd">
    <system>
        <section id="gridactions" translate="label" sortOrder="155" showInDefault="1" showInStore="0" showInWebsite="0">
            <tab>xtento</tab>
            <label>Simplify Bulk Order Processing</label>
            <resource>Xtento_GridActions::configuration</resource>
            <group id="general" translate="label" showInDefault="1" sortOrder="10">
                <label>Extension Configuration</label>
                <attribute type="expanded">1</attribute>
                <frontend_model>Xtento\XtCore\Block\System\Config\Form\Xtento\Module</frontend_model>
                <fieldset_css>Xtento_GridActions|Xtento\GridActions\Model\System\Config\Backend\Server</fieldset_css>
                <comment>
                    <![CDATA[
                    <script>
                    requirejs(['jquery', 'prototype'], function() {
                        function setCommentHtml(message) {
                            if (Prototype.Browser.IE) {
                                $('gridactions_general_serial').next('p').outerHTML = message;
                            } else {
                                $('gridactions_general_serial').next('p').innerHTML = message;
                            }
                        }

                        function initSystemConfiguration() {
                            if ($('gridactions_general_server_name')) {
                                $('gridactions_general_server_name').style.backgroundColor='#f0f0f0';
                                $('gridactions_general_server_name').disable();
                                if ($('row_gridactions_general_server')) {
                                    $('row_gridactions_general_server').hide();
                                }
                            }

                            if ($('gridactions_general_serial') && $('gridactions_general_serial').value !== '' && $('gridactions_general_server') && $('gridactions_general_server').value !== '') {
                                if ($('gridactions_general_serial').value.length !== 40) {
                                    setCommentHtml('<a href="http://www.xtento.com" target="_blank"><img src="//www.xtento.com/license/check/?d='+$('gridactions_general_server').value+'" border="0" style="margin-top: 4px;"/></a>');
                                } else {
                                    if (typeof $('gridactions_general_serial').nextSibling !== 'undefined' && typeof $('gridactions_general_serial').nextSibling.nextSibling !== 'undefined') {
                                        setCommentHtml('<a href="http://www.xtento.com" target="_blank"><img src="//www.xtento.com/license/check/?d='+$('gridactions_general_server').value+'" border="0" style="margin-top: 4px;"/></a>');
                                    }
                                }
                            } else {
                                if ($('gridactions_general_server').value !== '') {
                                    setCommentHtml('<a href="http://www.xtento.com" target="_blank"><img src="//www.xtento.com/license/check/?d='+$('gridactions_general_server').value+'" border="0" style="margin-top: 4px;"/></a>');
                                }
                            }
                        }
                        jQuery(document).ready(function () {
                            initSystemConfiguration();
                        });
                    });
                    </script>
                    ]]>
                </comment>
                <field id="heading" translate="label" sortOrder="10" showInDefault="1">
                    <label>General Configuration</label>
                    <frontend_model>Magento\Config\Block\System\Config\Form\Field\Heading</frontend_model>
                </field>
                <field id="server_name" translate="label" sortOrder="20" showInDefault="1">
                    <label>Server Name</label>
                    <frontend_model>Xtento\XtCore\Block\System\Config\Form\Xtento\Servername</frontend_model>
                </field>
                <field id="serial" translate="label comment" sortOrder="30" showInDefault="1">
                    <label>License Key</label>
                    <comment>Please enter your license key here.</comment>
                    <backend_model>Xtento\XtCore\Model\System\Config\Backend\License</backend_model>
                </field>
                <field id="enabled" translate="label comment" type="select" sortOrder="40" showInDefault="1">
                    <label>Module Enabled</label>
                    <comment>A valid license key is required in order to enable the module.</comment>
                    <source_model>Magento\Config\Model\Config\Source\Yesno</source_model>
                </field>
                <field id="server" translate="label" type="hidden" sortOrder="50" showInDefault="1">
                    <label/>
                    <backend_model>Xtento\GridActions\Model\System\Config\Backend\Server</backend_model>
                </field>
                <field id="heading_extension" translate="label" sortOrder="100" showInDefault="1">
                    <label>Extension Configuration</label>
                    <frontend_model>Magento\Config\Block\System\Config\Form\Field\Heading</frontend_model>
                </field>
                <field id="actions" type="multiselect" translate="label comment" sortOrder="110" showInDefault="1">
                    <label>Enabled Grid Actions</label>
                    <source_model>Xtento\GridActions\Model\System\Config\Source\Actions</source_model>
                    <comment><![CDATA[Select multiple actions by holding down Shift or Ctrl while selecting actions.]]></comment>
                </field>
                <field id="do_capture" translate="label comment" type="select" sortOrder="120" showInDefault="1">
                    <label>Capture payment for invoice</label>
                    <comment>This will try to capture the payment at the payment gateway, i.e. charge the credit card if you authorized the payment.</comment>
                    <source_model>Magento\Config\Model\Config\Source\Yesno</source_model>
                </field>
                <field id="set_paid" translate="label" type="select" sortOrder="130" showInDefault="1">
                    <label>Set invoice status to paid</label>
                    <source_model>Magento\Config\Model\Config\Source\Yesno</source_model>
                </field>
                <field id="heading_status" translate="label" sortOrder="140" showInDefault="1">
                    <label>Order Status Configuration</label>
                    <frontend_model>Magento\Config\Block\System\Config\Form\Field\Heading</frontend_model>
                </field>
                <field id="change_status_invoice" translate="label comment" type="select" sortOrder="150" showInDefault="1">
                    <label>Set custom order status after invoicing order</label>
                    <comment>A custom order status can be set for an order after running the Invoice action from the Sales > Order Grid. This overrides the "Processing" status which Magento would assign.</comment>
                    <source_model>Xtento\XtCore\Model\System\Config\Source\Order\AllStatuses</source_model>
                </field>
                <field id="change_status_ship" translate="label comment" type="select" sortOrder="160" showInDefault="1">
                    <label>Set custom order status after shipping order</label>
                    <comment>A custom order status can be set for an order after running the Ship action from the Sales > Order Grid. This overrides the "Complete" status which Magento would assign.</comment>
                    <source_model>Xtento\XtCore\Model\System\Config\Source\Order\AllStatuses</source_model>
                </field>
                <field id="change_status_complete" translate="label comment" type="select" sortOrder="170" showInDefault="1">
                    <label>Set custom order status after completing order</label>
                    <comment>A custom order status can be set for an order after running the Complete action from the Sales > Order Grid. This overrides the "Complete" status which Magento would assign.</comment>
                    <source_model>Xtento\XtCore\Model\System\Config\Source\Order\AllStatuses</source_model>
                </field>
                <!-- force change? -->
                <field id="heading_grid" translate="label" sortOrder="180" showInDefault="1">
                    <label>Grid Configuration</label>
                    <frontend_model>Magento\Config\Block\System\Config\Form\Field\Heading</frontend_model>
                </field>
                <field id="add_trackingnumber_from_grid_shipped" translate="label comment" type="select" sortOrder="210" showInDefault="1">
                    <label>Ability to add tracking numbers to already shipped orders</label>
                    <comment>Show input fields to add tracking numbers from the Sales > Orders grid EVEN if the order has been already shipped.</comment>
                    <source_model>Magento\Config\Model\Config\Source\Yesno</source_model>
                </field>
                <field id="default_carrier" translate="label comment" type="select" sortOrder="220" showInDefault="1">
                    <label>Default tracking carrier</label>
                    <comment><![CDATA[Default carrier selected for adding tracking numbers from the Sales > Orders grid<br/><br/>Looking for a way to add custom carriers/tracking methods? Check out the <a href="http://www.xtento.com/magento-extensions/magento-custom-generic-carrier-trackers-extension.html" target="_blank">Custom Carrier Trackers</a> extension.]]></comment>
                    <source_model>Xtento\XtCore\Model\System\Config\Source\Shipping\Carriers</source_model>
                </field>
            </group>
        </section>
    </system>
</config>
<!--
/**
 * Product:       Xtento_GridActions
 * ID:            /wnS7JP8C2nvb1jEK6bWS5TtKkvrPoanLM2NpRZ9JJU=
 * Last Modified: 2018-09-27T13:45:40+00:00
 * File:          app/code/Xtento/GridActions/etc/adminhtml/system.xml
 * Copyright:     Copyright (c) XTENTO GmbH & Co. KG <info@xtento.com> / All rights reserved.
 */
-->