<?xml version="1.0"?>
<!--
/**
 * @author Amasty Team
 * @copyright Copyright (c) 2019 Amasty (https://www.amasty.com)
 * @package Amasty_Gdpr
 */
-->

<config xmlns:xsi="http://www.w3.org/2001/XMLSchema-instance" xsi:noNamespaceSchemaLocation="urn:magento:framework:Event/etc/events.xsd">
    <event name="sales_order_place_after">
        <observer name="amasty_gdpr" instance="Amasty\Gdpr\Observer\Checkout\Submit" />
    </event>
    <event name="customer_session_init">
        <observer name="amasty_gdpr" instance="Amasty\Gdpr\Observer\Customer\SessionInit" />
    </event>
    <event name="customer_login">
        <observer name="amasty_gdpr" instance="Amasty\Gdpr\Observer\Customer\Login" />
    </event>
</config>
