<?xml version="1.0"?>
<!--
/**
 * @author Amasty Team
 * @copyright Copyright (c) 2019 Amasty (https://www.amasty.com)
 * @package Amasty_Gdpr
 */
-->
<config xmlns:xsi="http://www.w3.org/2001/XMLSchema-instance" xsi:noNamespaceSchemaLocation="urn:magento:framework:ObjectManager/etc/config.xsd">
    <type name="Magento\Framework\View\Element\Html\Links">
        <plugin name="amasty-gdpr" type="Amasty\Gdpr\Block\AccountLinkPlugin"/>
    </type>
    <type name="Magento\Customer\Block\Account\Navigation">
        <plugin name="amasty-gdpr" type="Amasty\Gdpr\Block\AccountLinkPlugin"/>
    </type>
    <type name="Magento\CheckoutAgreements\Block\Agreements">
        <plugin name="amasty-gdpr" type="Amasty\Gdpr\Block\AgreementsPlugin"/>
    </type>
    <type name="Magento\Framework\App\Response\Http">
        <plugin name="remove-cookies" type="Amasty\Gdpr\Plugin\Response\Http"/>
    </type>
    <type name="Magento\Newsletter\Block\Subscribe">
        <plugin name="amasty-subscribe" type="Amasty\Gdpr\Block\SubscribePlugin" />
    </type>
    <type name="Magento\Contact\Block\ContactForm">
        <plugin name="amasty-contact" type="Amasty\Gdpr\Block\ContactPlugin" />
    </type>
    <type name="Magento\Checkout\Model\CompositeConfigProvider">
        <arguments>
            <argument name="configProviders" xsi:type="array">
                <item name="amasty_gdpr_config_provider" xsi:type="object">Amasty\Gdpr\Model\ConsentConfigProvider</item>
            </argument>
        </arguments>
    </type>
</config>
