<?xml version="1.0"?>
<config xmlns:xsi="http://www.w3.org/2001/XMLSchema-instance" xsi:noNamespaceSchemaLocation="urn:magento:framework:ObjectManager/etc/config.xsd">
    <type name="Magento\Framework\View\Element\Message\MessageConfigurationsPool">
        <arguments>
            <argument name="configurationsMap" xsi:type="array">
                <!-- Unescaped complex messages -->
                <item name="backendHtmlMessage" xsi:type="array">
                    <item name="renderer" xsi:type="const">\Magento\Framework\View\Element\Message\Renderer\BlockRenderer::CODE</item>
                    <item name="data" xsi:type="array">
                        <item name="template" xsi:type="string">Xtento_XtCore::messages/backendHtmlMessage.phtml</item>
                    </item>
                </item>
            </argument>
        </arguments>
    </type>
</config>
<!--
/**
 * Product:       Xtento_XtCore
 * ID:            /wnS7JP8C2nvb1jEK6bWS5TtKkvrPoanLM2NpRZ9JJU=
 * Last Modified: 2017-08-16T08:52:13+00:00
 * File:          app/code/Xtento/XtCore/etc/adminhtml/di.xml
 * Copyright:     Copyright (c) XTENTO GmbH & Co. KG <info@xtento.com> / All rights reserved.
 */
-->